Start Time,Duration,Run ID,Name,Source Type,Source Name,User,Status,C,K,algorithm,gamma,kernel,leaf_size,learning_rate,max_features,min_samples_leaf,min_samples_split,n_estimators,n_neighbors,num_leaves,p,weights,F1-Score,accuracy,recall,sensitivity,specificity
2022-03-01 07:38:05,59.0s,63aedfd80eb24457911fd4ec1d42dc8b,Model: lightGBM - Dataset: ItalianParkinsonSpeech_chunk_500ms,LOCAL,main.py,eajiboye,FINISHED,,12,,,,,0.2,,,,200,,31,,,99.75394830664025,99.7196209984297,99.83996649432187,99.6685705471276,99.7874568490125
2022-03-01 07:35:04,19.8s,0613364d0c3f4481b8100e4a60a0186e,Model: lightGBM - Dataset: ItalianParkinsonSpeech_chunk_500ms,LOCAL,main.py,eajiboye,FINISHED,,4,,,,,0.2,,,,200,,31,,,99.73043098423064,99.6930104359118,99.8262391923082,99.63500523549352,99.77029914921967
2022-03-01 05:44:02,44.3s,d3703b051d4844ce90b97baf6e25b025,Model: SVM - Dataset: ItalianParkinsonSpeech_chunk_500ms,LOCAL,main.py,eajiboye,FINISHED,100,12,,1,rbf,,,,,,,,,,,99.66925428690998,99.6236170442074,99.70150415279755,99.63802531127467,99.6096040838589
2022-03-01 08:39:41,1.1min,15260776860d42669998c8bf7151ee0b,Model: lightGBM - Dataset: ItalianParkinsonSpeech_chunk_1000ms,LOCAL,main.py,eajiboye,FINISHED,,12,,,,,0.2,,,,200,,31,,,99.61629639390704,99.56162893487262,99.74954038657899,99.48490655203786,99.66390832632008
2022-03-01 05:41:49,14.2s,8ac90903274f419aa2e759b27a1049b4,Model: SVM - Dataset: ItalianParkinsonSpeech_chunk_500ms,LOCAL,main.py,eajiboye,FINISHED,100,4,,1,rbf,,,,,,,,,,,99.59700299496622,99.5399899275165,99.59248193819349,99.60182286203813,99.4570165175318
2022-03-01 08:35:30,25.7s,ba651ac1527b483fb369e8e3d8f716aa,Model: lightGBM - Dataset: ItalianParkinsonSpeech_chunk_1000ms,LOCAL,main.py,eajiboye,FINISHED,,4,,,,,0.2,,,,200,,31,,,99.51256223969177,99.44179868404082,99.71444929023741,99.31253180936878,99.61949603271086
2022-03-01 06:08:54,25.0s,0396de53fb2a45a7b540a9ac0ec1d41c,Model: KNN - Dataset: ItalianParkinsonSpeech_chunk_500ms,LOCAL,main.py,eajiboye,FINISHED,,12,auto,,,1,,,,,,1,,1,uniform,99.45269929535219,99.37840423460842,99.6738903282694,99.23375054772623,99.56790151624881
2022-03-01 05:56:36,26.9s,c01678a703844014bf1a608ce3782cd7,Model: KNN - Dataset: ItalianParkinsonSpeech_chunk_500ms,LOCAL,main.py,eajiboye,FINISHED,,4,auto,,,1,,,,,,1,,1,uniform,99.43250308462535,99.35560576431914,99.69319749012863,99.17350382019573,99.59525401021084
2022-03-01 07:40:23,18.0s,838c4ec7ed9b43beb671732b766a39a2,Model: SVM - Dataset: ItalianParkinsonSpeech_chunk_1000ms,LOCAL,main.py,eajiboye,FINISHED,100,12,,1,rbf,,,,,,,,,,,99.42532097989937,99.34334732984873,99.39731516955972,99.45587606632006,99.19241864938962
2022-03-01 05:19:59,3.3s,e92808c3f13c443d96bc1ab84f880e7d,Model: SVM - Dataset: ItalianParkinsonSpeech_split_on_silence_1000ms,LOCAL,main.py,eajiboye,FINISHED,10,12,,1,rbf,,,,,,,,,,,99.27936908259731,99.23406539260196,99.51386656244155,99.08212769630087,99.48297301324138
2022-03-01 07:39:41,6.9s,c31118b042f2409fb2c1655dc6f8e288,Model: SVM - Dataset: ItalianParkinsonSpeech_chunk_1000ms,LOCAL,main.py,eajiboye,FINISHED,100,4,,1,rbf,,,,,,,,,,,99.33010015695665,99.23240455128361,99.281357615021,99.38017922247145,99.03825794058976
2022-03-01 07:50:28,9.3s,09bd35b1697a46a4a92de1f2626e4948,Model: KNN - Dataset: ItalianParkinsonSpeech_chunk_1000ms,LOCAL,main.py,eajiboye,FINISHED,,12,auto,,,1,,,,,,1,,1,uniform,99.23804411159935,99.13405431269743,99.68434796542961,98.79813687629058,99.58214385329624
2022-03-01 09:23:14,1.0min,768ed57d37434393a2e1329dd21c5b6b,Model: lightGBM - Dataset: ItalianParkinsonSpeech_chunk_5000ms,LOCAL,main.py,eajiboye,FINISHED,,12,,,,,0.2,,,,500,,127,,,99.22263470760839,99.1307149897642,99.47336834519197,98.98782353799011,99.32346181111785
2022-02-28 23:28:30,3.2s,1e659a417f8946c98e0a627a66e3fb03,Model: SVM - Dataset: ItalianParkinsonSpeech,LOCAL,main.py,eajiboye,FINISHED,10,12,,1,rbf,,,,,,,,,,,99.16304744821318,99.06468869883503,99.32508954163801,99.04684078501158,99.18588399305399
2022-03-01 07:45:30,8.5s,0a53f253d2f54168928d8c9e0299bc5f,Model: KNN - Dataset: ItalianParkinsonSpeech_chunk_1000ms,LOCAL,main.py,eajiboye,FINISHED,,4,auto,,,1,,,,,,1,,1,uniform,99.1514525213,99.03202152302309,99.64084459700693,98.66773547634375,99.52144243415636
2022-03-01 07:19:47,12.6min,07aa1e86cec443b899d87c41197a087d,Model: RF - Dataset: ItalianParkinsonSpeech_chunk_500ms,LOCAL,main.py,eajiboye,FINISHED,,12,,,,,,sqrt,1,2,200,,,,,99.14225735277533,99.02105935916939,99.19238526538196,99.0941296853348,98.92490218530679
2022-03-01 09:03:41,46.4s,fa16a95045284fef863adc1f22f42756,Model: lightGBM - Dataset: ItalianParkinsonSpeech_chunk_3000ms,LOCAL,main.py,eajiboye,FINISHED,,12,,,,,0.2,,,,200,,31,,,99.1119562217202,99.0053420604497,99.31552283325591,98.92002358606545,99.12284048609924
2022-03-01 09:22:00,22.5s,8b27f7f697f745398f2a05d825c19635,Model: lightGBM - Dataset: ItalianParkinsonSpeech_chunk_5000ms,LOCAL,main.py,eajiboye,FINISHED,,4,,,,,0.2,,,,500,,127,,,99.078861784164,98.95821296691703,99.42140187053455,98.74250676225095,99.25482228424049
2022-03-01 08:41:07,8.3s,211830ab428f461cb7a3de3deeffdd67,Model: SVM - Dataset: ItalianParkinsonSpeech_chunk_3000ms,LOCAL,main.py,eajiboye,FINISHED,10,12,,1,rbf,,,,,,,,,,,98.98848971872327,98.86620172538902,99.01620178885973,98.97373956290723,98.71728544444655
2022-03-01 06:42:07,5.0min,54afbeea9af74bbcb39e499c83579802,Model: RF - Dataset: ItalianParkinsonSpeech_chunk_500ms,LOCAL,main.py,eajiboye,FINISHED,,4,,,,,,auto,1,2,300,,,,,98.9832004320574,98.84141563980361,99.08016718129073,98.88709166174904,98.78099184867045
2022-03-01 09:01:28,30.3s,5b02cfc10f234b8e82103ee325819a33,Model: lightGBM - Dataset: ItalianParkinsonSpeech_chunk_3000ms,LOCAL,main.py,eajiboye,FINISHED,,4,,,,,0.2,,,,200,,31,,,98.92974151127326,98.79396502018066,99.07645951799222,98.78789165003636,98.81326499216266
2022-03-01 08:40:56,4.5s,9e5d13de3cd942e3bd72aa04183bfdef,Model: SVM - Dataset: ItalianParkinsonSpeech_chunk_3000ms,LOCAL,main.py,eajiboye,FINISHED,10,4,,1,rbf,,,,,,,,,,,98.90866249919821,98.76994041898905,99.03586482276619,98.7857241049829,98.75492885522725
2022-02-28 23:28:27,2.2s,45db7056da2245b5a6d8a19d5e47633e,Model: SVM - Dataset: ItalianParkinsonSpeech,LOCAL,main.py,eajiboye,FINISHED,10,4,,1,rbf,,,,,,,,,,,98.79944482779146,98.65829816655938,98.99437162404776,98.63455626907981,98.78554694704941
2022-03-01 09:04:38,5.4s,5fcf01b45a1f4a838a0f8fc4ca792cf6,Model: SVM - Dataset: ItalianParkinsonSpeech_chunk_5000ms,LOCAL,main.py,eajiboye,FINISHED,10,12,,1,rbf,,,,,,,,,,,98.71623000677906,98.55157075340563,99.07014823664967,98.38627816951072,98.75795583191656
2022-03-01 08:27:53,5.2min,d19b08a5ed564c7abc2093519264fc90,Model: RF - Dataset: ItalianParkinsonSpeech_chunk_1000ms,LOCAL,main.py,eajiboye,FINISHED,,12,,,,,,log2,1,2,200,,,,,98.68668437482438,98.49711064208255,98.63801964730379,98.74095496464635,98.17501391927831
2022-03-01 05:19:55,2.5s,1371ad1739cc4f89933cbbd7df38d2f8,Model: SVM - Dataset: ItalianParkinsonSpeech_split_on_silence_1000ms,LOCAL,main.py,eajiboye,FINISHED,10,4,,1,rbf,,,,,,,,,,,98.61391120968828,98.48826979472142,98.9156651010767,98.34391523461672,98.6753993952555
2022-03-01 08:43:50,4.5s,df33406fc51749d5ac3c2790325c499d,Model: KNN - Dataset: ItalianParkinsonSpeech_chunk_3000ms,LOCAL,main.py,eajiboye,FINISHED,,12,auto,,,1,,,,,,1,,1,uniform,98.59265112446852,98.42911294676998,99.30034135609522,97.90968665958029,99.1088973990189
2022-03-01 09:04:31,3.1s,2f1f211f5200445b84e64ca12f54fc89,Model: SVM - Dataset: ItalianParkinsonSpeech_chunk_5000ms,LOCAL,main.py,eajiboye,FINISHED,10,4,,1,rbf,,,,,,,,,,,98.47471551854268,98.28225610624062,98.84080600155097,98.12332575223685,98.48676688541019
2022-03-01 08:07:56,2.7min,18d080b6c77d4d28b24ef9aeecb17c6c,Model: RF - Dataset: ItalianParkinsonSpeech_chunk_1000ms,LOCAL,main.py,eajiboye,FINISHED,,4,,,,,,sqrt,1,2,300,,,,,98.4892873320829,98.26626208684789,98.41830886661639,98.56265586608802,97.8693248017431
2022-03-01 08:42:31,3.4s,fceb8f76589d4a2ca0b40b45812abd52,Model: KNN - Dataset: ItalianParkinsonSpeech_chunk_3000ms,LOCAL,main.py,eajiboye,FINISHED,,4,auto,,,1,,,,,,1,,1,uniform,98.43354716519553,98.24620411301174,99.20563791821233,97.67977789835294,98.98562373112668
2022-03-01 05:30:31,3.3s,749ef26250574aa3b8435b28f7f53fa9,Model: SVM - Dataset: ItalianParkinsonSpeech_split_on_silence_2000ms,LOCAL,main.py,eajiboye,FINISHED,100,12,,1,rbf,,,,,,,,,,,98.33442991776474,98.19983370288247,98.27403901590061,98.48196701075314,97.93106913218439
2022-03-01 09:06:23,5.9s,f7da470271ce4c639b83774bf25b6c5a,Model: KNN - Dataset: ItalianParkinsonSpeech_chunk_5000ms,LOCAL,main.py,eajiboye,FINISHED,,12,auto,,,1,,,,,,1,,1,uniform,98.39333343401493,98.19262264007885,99.0278826645444,97.78555007983714,98.76767992631349
2022-03-01 05:09:37,3.3s,ffe18d1feb2e4d52aeffb23715976a18,Model: SVM - Dataset: ItalianParkinsonSpeech_split_on_silence_500ms,LOCAL,main.py,eajiboye,FINISHED,1000,12,,0.1,rbf,,,,,,,,,,,98.21595456009126,98.08323723492857,98.44622074057658,98.05297167214358,98.0953820399775
2022-03-01 05:10:15,3.0s,a6bbcdfadd1a41b59f1c0ead0d3c14c5,Model: KNN - Dataset: ItalianParkinsonSpeech_split_on_silence_500ms,LOCAL,main.py,eajiboye,FINISHED,,12,auto,,,1,,,,,,1,,1,uniform,98.17737712997618,98.08163559484915,97.85718827660403,98.58647413103567,97.60917956189124
2022-03-01 05:20:34,2.9s,f90bfac80434400b819724e4d485c424,Model: KNN - Dataset: ItalianParkinsonSpeech_split_on_silence_1000ms,LOCAL,main.py,eajiboye,FINISHED,,12,auto,,,1,,,,,,1,,1,uniform,97.80122433643554,97.64280435012142,97.8475628722152,97.86618682639445,97.41134678892728
2022-03-01 09:05:31,4.6s,91b5f06113a84235bd400001a4e989f2,Model: KNN - Dataset: ItalianParkinsonSpeech_chunk_5000ms,LOCAL,main.py,eajiboye,FINISHED,,4,auto,,,1,,,,,,1,,1,uniform,97.89584468669491,97.64121597293746,98.7511777816429,97.07263524898535,98.36025422647377
2022-02-28 23:39:17,36.3s,72fc89d4694d4130b7e355f0ed40c2f4,Model: lightGBM - Dataset: ItalianParkinsonSpeech,LOCAL,main.py,eajiboye,FINISHED,,12,,,,,0.1,,,,500,,31,,,97.78350101909467,97.63136592404886,98.22164575601404,97.43512373831517,97.95991409509989
2022-03-01 05:30:03,24.2s,018ce46fc5ac41a38e427558a3815a28,Model: lightGBM - Dataset: ItalianParkinsonSpeech_split_on_silence_1000ms,LOCAL,main.py,eajiboye,FINISHED,,12,,,,,0.1,,,,200,,31,,,97.80689786937491,97.62608665047688,98.6621227684151,97.08280510689478,98.32127689002162
2022-03-01 05:09:34,2.6s,cb81ec290d1f40d9b71890ffd2f48003,Model: SVM - Dataset: ItalianParkinsonSpeech_split_on_silence_500ms,LOCAL,main.py,eajiboye,FINISHED,1000,4,,0.1,rbf,,,,,,,,,,,97.71029399854656,97.48812256445841,97.92212615559828,97.54129877531388,97.34016976739058
2022-03-01 05:30:27,2.8s,8cfec143086841f88b2631f3d097cb27,Model: SVM - Dataset: ItalianParkinsonSpeech_split_on_silence_2000ms,LOCAL,main.py,eajiboye,FINISHED,100,4,,1,rbf,,,,,,,,,,,97.4894166865745,97.30925811493584,97.69944779569906,97.33247966502408,97.30131341625378
2022-03-01 05:19:30,24.9s,4c19d72187a04f1eb51726dee81bd66c,Model: lightGBM - Dataset: ItalianParkinsonSpeech_split_on_silence_500ms,LOCAL,main.py,eajiboye,FINISHED,,12,,,,,0.1,,,,200,,31,,,97.2414688056343,97.10303350631047,98.54425770759322,96.07313749260015,98.24344040131372
2022-02-28 23:38:52,10.6s,6b36b14b0e114c27aa0dfcca69ff71d8,Model: lightGBM - Dataset: ItalianParkinsonSpeech,LOCAL,main.py,eajiboye,FINISHED,,4,,,,,0.1,,,,500,,31,,,97.36813002716917,97.09844312519371,97.63793182030159,97.14307145907524,97.01158199570855
2022-03-01 09:19:05,2.0min,9802020444b6491095a18b8865d0dc0d,Model: RF - Dataset: ItalianParkinsonSpeech_chunk_5000ms,LOCAL,main.py,eajiboye,FINISHED,,12,,,,,,sqrt,1,2,200,,,,,97.37362065992852,97.0341446154624,97.03330680717231,97.75311718400006,96.10848032796721
2022-03-01 05:29:39,9.1s,dd257f87714f493ebd2f45554f7d7107,Model: lightGBM - Dataset: ItalianParkinsonSpeech_split_on_silence_1000ms,LOCAL,main.py,eajiboye,FINISHED,,4,,,,,0.1,,,,200,,31,,,97.19161962542294,96.95982404692082,98.4407894568526,96.00926575072921,98.13536987115457
2022-03-01 08:59:07,1.2min,a23f26ef30b8439782fb7e75bb1c7d0c,Model: RF - Dataset: ItalianParkinsonSpeech_chunk_3000ms,LOCAL,main.py,eajiboye,FINISHED,,12,,,,,,log2,1,2,100,,,,,97.24493964687055,96.89618713947506,97.04281591215953,97.47515602848753,96.12253701436325
2022-03-01 05:31:07,2.9s,b378ce5a5b9d4fe3804a3be421cadcd6,Model: KNN - Dataset: ItalianParkinsonSpeech_split_on_silence_2000ms,LOCAL,main.py,eajiboye,FINISHED,,12,auto,,,1,,,,,,1,,1,uniform,97.03340158696959,96.86114190687361,97.07664196502388,97.09223956998545,96.41926648930497
2022-03-01 09:12:42,44.5s,6c04d1f457cc4e148255bd2d11913afd,Model: RF - Dataset: ItalianParkinsonSpeech_chunk_5000ms,LOCAL,main.py,eajiboye,FINISHED,,4,,,,,,log2,1,5,300,,,,,97.14680777869194,96.76545086119553,96.67035916039328,97.64942364292665,95.67647835642858
2022-03-01 05:39:31,20.5s,295d110dca1a43d495efa409a5478ae8,Model: lightGBM - Dataset: ItalianParkinsonSpeech_split_on_silence_2000ms,LOCAL,main.py,eajiboye,FINISHED,,12,,,,,0.1,,,,100,,31,,,96.87757702310218,96.65788987435327,97.61259649105442,96.2578783311389,97.16364925836024
2022-03-01 05:19:06,9.5s,ffb2b48c55534313afc8b4355ab03bdc,Model: lightGBM - Dataset: ItalianParkinsonSpeech_split_on_silence_500ms,LOCAL,main.py,eajiboye,FINISHED,,4,,,,,0.1,,,,200,,31,,,96.84968982957334,96.5809000160145,97.61826673984109,96.15390166271422,97.14586065736779
2022-03-01 08:51:07,28.1s,b0baaf13a6c74ccbba6b7f358ae9a0dc,Model: RF - Dataset: ItalianParkinsonSpeech_chunk_3000ms,LOCAL,main.py,eajiboye,FINISHED,,4,,,,,,auto,1,2,100,,,,,96.97336758897721,96.56928694983664,96.66653179164328,97.29120655417955,95.63836928239793
2022-03-01 05:20:17,2.3s,2bb177a80a854ee4961151a523e69a55,Model: KNN - Dataset: ItalianParkinsonSpeech_split_on_silence_1000ms,LOCAL,main.py,eajiboye,FINISHED,,4,auto,,,1,,,,,,1,,1,uniform,96.7780440088255,96.48445747800588,96.63200566565601,96.96679106884663,95.89827155709064
2022-03-01 05:09:56,3.1s,dec2bc4db800431e90b52d66638e346f,Model: KNN - Dataset: ItalianParkinsonSpeech_split_on_silence_500ms,LOCAL,main.py,eajiboye,FINISHED,,4,auto,,,1,,,,,,1,,1,uniform,96.63014426332533,96.3001121016388,96.52915640295355,96.78862426814887,95.74834764114945
2022-02-28 23:29:07,2.9s,5ba9da7cac2341b79777a657ac94fedb,Model: KNN - Dataset: ItalianParkinsonSpeech,LOCAL,main.py,eajiboye,FINISHED,,12,auto,,,1,,,,,,4,,1,distance,95.76914263875618,95.4241896315067,97.69530599419303,94.08064745068693,97.2973229841897
2022-03-01 05:30:49,2.3s,c50c1c7c881446ccbfb0a137eef9693a,Model: KNN - Dataset: ItalianParkinsonSpeech_split_on_silence_2000ms,LOCAL,main.py,eajiboye,FINISHED,,4,auto,,,1,,,,,,1,,1,uniform,95.6772432375401,95.28673379133197,95.95974264645979,95.45664083220345,95.08279999054228
2022-03-01 05:17:55,57.1s,8dc6044e847f4420aa54086e33e2df64,Model: RF - Dataset: ItalianParkinsonSpeech_split_on_silence_500ms,LOCAL,main.py,eajiboye,FINISHED,,12,,,,,,auto,1,2,200,,,,,95.48282259788861,95.16665065026586,95.97352256425802,95.22135800974485,95.22167502226989
2022-03-01 05:39:04,7.0s,3a8d60b1fdff4ccc9dca6b47e46b0254,Model: lightGBM - Dataset: ItalianParkinsonSpeech_split_on_silence_2000ms,LOCAL,main.py,eajiboye,FINISHED,,4,,,,,0.1,,,,100,,31,,,95.51564435545097,95.1575430433887,95.86698402763928,95.25334679120529,95.10428205176814
2022-02-28 23:37:18,1.4min,06c0f90778824ffa8a0757abdd8ff5c7,Model: RF - Dataset: ItalianParkinsonSpeech,LOCAL,main.py,eajiboye,FINISHED,,12,,,,,,auto,1,2,300,,,,,95.48097305763703,95.06475908914935,95.05905511741774,96.08303119735041,93.79502824515153
2022-03-01 05:28:06,1.3min,0c2980a1565d42aaace1b2def2b7daba,Model: RF - Dataset: ItalianParkinsonSpeech_split_on_silence_1000ms,LOCAL,main.py,eajiboye,FINISHED,,12,,,,,,sqrt,2,2,300,,,,,95.03919612400092,94.67893217893219,95.32545309321038,94.98173925488055,94.36628110616336
2022-03-01 05:13:57,25.8s,79ea14499b624d2c8cfb7b504a7e5bd1,Model: RF - Dataset: ItalianParkinsonSpeech_split_on_silence_500ms,LOCAL,main.py,eajiboye,FINISHED,,4,,,,,,log2,1,2,300,,,,,94.99018775810464,94.58936102065873,95.54466367100777,94.50109608884118,94.75351064312818
2022-03-01 05:38:22,29.6s,81758e2168024c2fb87f9df87dc0dab1,Model: RF - Dataset: ItalianParkinsonSpeech_split_on_silence_2000ms,LOCAL,main.py,eajiboye,FINISHED,,12,,,,,,auto,1,2,100,,,,,94.86759659944904,94.58148558758316,95.59524105411796,94.3723471103583,94.8492068357188
2022-02-28 23:33:08,19.4s,ff84653962b24602a8ef4fd574bf1e5e,Model: RF - Dataset: ItalianParkinsonSpeech,LOCAL,main.py,eajiboye,FINISHED,,4,,,,,,auto,1,2,200,,,,,95.09840744409412,94.54527573134969,94.64056419528914,95.61036432694549,93.26998363932431
2022-03-01 05:24:12,26.0s,f52cc73665c943bca90f0494a74f1de2,Model: RF - Dataset: ItalianParkinsonSpeech_split_on_silence_1000ms,LOCAL,main.py,eajiboye,FINISHED,,4,,,,,,auto,1,2,300,,,,,94.8581457793291,94.47947214076247,95.31777054521957,94.49845853444067,94.58975023189375
2022-02-28 23:28:49,2.8s,8a7413873a8c4031b77d5b8f28d76450,Model: KNN - Dataset: ItalianParkinsonSpeech,LOCAL,main.py,eajiboye,FINISHED,,4,auto,,,1,,,,,,4,,1,distance,94.39640432703548,93.94058603342631,96.81303845174831,92.19306700275246,96.34781445569566
2022-03-01 05:34:44,10.2s,24343b3a442447789946234b130b15e3,Model: RF - Dataset: ItalianParkinsonSpeech_split_on_silence_2000ms,LOCAL,main.py,eajiboye,FINISHED,,4,,,,,,sqrt,1,2,100,,,,,94.05374181849673,93.54212860310422,94.58114033741586,93.60962003654477,93.44729337066059
2022-03-01 05:20:40,3.7s,badb374e1659409497bfd0e1132f62d5,Model: LR - Dataset: ItalianParkinsonSpeech_split_on_silence_1000ms,LOCAL,main.py,eajiboye,FINISHED,,12,,,,,,,,,,,,,,93.58226200979772,93.09734980466688,94.00093576783316,93.43718863975727,92.79112795768042
2022-03-01 06:09:24,10.1s,ca70ccc5614247209504586773b14788,Model: LR - Dataset: ItalianParkinsonSpeech_chunk_500ms,LOCAL,main.py,eajiboye,FINISHED,,12,,,,,,,,,,,,,,93.90166906353012,93.0390307924482,93.77289836978089,94.04282229692453,91.70696108171381
2022-03-01 05:20:37,2.5s,a67e0bb1094d493eb45edfff00b186ee,Model: LR - Dataset: ItalianParkinsonSpeech_split_on_silence_1000ms,LOCAL,main.py,eajiboye,FINISHED,,4,,,,,,,,,,,,,,93.48541802170666,92.91260997067448,93.67836965248851,93.42977740536053,92.37964239388907
2022-03-01 06:09:19,4.8s,f27428b646594629b96616f563b86640,Model: LR - Dataset: ItalianParkinsonSpeech_chunk_500ms,LOCAL,main.py,eajiboye,FINISHED,,4,,,,,,,,,,,,,,93.78035508622706,92.89929056768699,93.67185066797968,93.89364312943512,91.58213173308455
2022-03-01 00:28:27,5.5s,242d0c2d0b5b4fb7adc2fe6e7601d429,Model: SVM - Dataset: MDVR_KCL_split_on_silence_1000ms,LOCAL,main.py,eajiboye,FINISHED,100,12,,1,rbf,,,,,,,,,,,91.48641063357877,92.88560640324549,91.23879224914614,92.03863377856524,93.50313005603674
2022-03-01 05:10:20,3.8s,357d97452fcc499fbb8354fa090ad228,Model: LR - Dataset: ItalianParkinsonSpeech_split_on_silence_500ms,LOCAL,main.py,eajiboye,FINISHED,,12,,,,,,,,,,,,,,93.09183328907439,92.57119290153118,93.39472597476552,93.02572247769957,92.14100567488576
2022-03-01 05:10:18,2.5s,2fdedf1e86bf47879e014a2eca70c5b2,Model: LR - Dataset: ItalianParkinsonSpeech_split_on_silence_500ms,LOCAL,main.py,eajiboye,FINISHED,,4,,,,,,,,,,,,,,92.98697055771176,92.37348529333262,93.04839695036097,93.02339745902533,91.55923472809636
2022-03-01 00:29:29,5.4s,33fec5770c3645619b9044bfc948e721,Model: KNN - Dataset: MDVR_KCL_split_on_silence_1000ms,LOCAL,main.py,eajiboye,FINISHED,,12,auto,,,1,,,,,,6,,1,distance,90.63885800695294,92.22448364239409,91.0384133412468,90.52644019911216,93.58085153029124
2022-02-28 23:29:12,3.6s,33d3b608fed1415c995ae98237fdc650,Model: LR - Dataset: ItalianParkinsonSpeech,LOCAL,main.py,eajiboye,FINISHED,,12,,,,,,,,,,,,,,92.92360515500181,92.20999190511385,92.06453233988638,94.10949365637022,90.02543811729481
2022-03-01 04:32:02,3.7s,6bf8c097e0634383b2cd08f05c713058,Model: KNN - Dataset: MDVR_KCL_chunk_3000ms,LOCAL,main.py,eajiboye,FINISHED,,12,auto,,,1,,,,,,6,,1,distance,89.61941132860211,92.16073781291173,94.1499313653348,85.68053565885256,96.44056448441528
2022-03-01 04:29:49,9.2s,8a9bb2d08e1a4347aca8e3a1f1583f74,Model: SVM - Dataset: MDVR_KCL_chunk_3000ms,LOCAL,main.py,eajiboye,FINISHED,10,12,,1,rbf,,,,,,,,,,,89.64463980441872,92.07839262187088,92.51021922663273,87.0930681908034,95.40642998155336
2022-03-01 08:43:58,5.1s,cee5320e9e624e328ec64a5970b08438,Model: LR - Dataset: ItalianParkinsonSpeech_chunk_3000ms,LOCAL,main.py,eajiboye,FINISHED,,12,,,,,,,,,,,,,,92.88083173155783,91.98498530414196,92.67040603302542,93.18064738206344,90.48828513883258
2022-03-01 04:53:11,5.6s,36a2fb28e0494064bb9b237e5a21f0cb,Model: SVM - Dataset: MDVR_KCL_chunk_5000ms,LOCAL,main.py,eajiboye,FINISHED,100,12,,1,rbf,,,,,,,,,,,89.71490211169625,91.96428571428571,89.99194808390418,89.69369611708007,93.53196357831249
2022-03-01 05:08:34,59.4s,d0e971699dd1460b94140b53ae2cab1a,Model: lightGBM - Dataset: MDVR_KCL_chunk_5000ms,LOCAL,main.py,eajiboye,FINISHED,,12,,,,,0.1,,,,500,,31,,,89.51382629392482,91.90550462609286,92.17239647912704,87.30756576456787,95.01086848912927
2022-03-01 04:53:06,3.2s,612b212827044aafb1c850a791f6908d,Model: SVM - Dataset: MDVR_KCL_chunk_5000ms,LOCAL,main.py,eajiboye,FINISHED,100,4,,1,rbf,,,,,,,,,,,89.75507982704801,91.90292722123353,89.92493604305959,89.70490710280836,93.38569834823052
2022-03-01 00:25:50,2.5min,dcaa7f3b17b64ff9bbd9d6c5de5ec76e,Model: lightGBM - Dataset: MDVR_KCL_split_on_silence_500ms,LOCAL,main.py,eajiboye,FINISHED,,12,,,,,0.1,,,,200,,127,,,89.98903846303857,91.8600342528352,93.5343591157617,86.92839379373798,95.50898025955593
2022-03-01 04:54:25,3.8s,879dc94ed75d4aa99992dab6cec9e043,Model: KNN - Dataset: MDVR_KCL_chunk_5000ms,LOCAL,main.py,eajiboye,FINISHED,,12,auto,,,1,,,,,,1,,2,uniform,89.54784614832346,91.85086155674391,90.44508989432914,88.93251403160562,93.76615013005716
2022-03-01 08:43:55,3.0s,aa6d42b424804a968f21692714699b13,Model: LR - Dataset: ItalianParkinsonSpeech_chunk_3000ms,LOCAL,main.py,eajiboye,FINISHED,,4,,,,,,,,,,,,,,92.73395582234102,91.7883913127042,92.5899168831458,92.91179923697531,90.40918067553582
2022-03-01 07:50:41,9.4s,1a913061d1dd4720aabe0ca3066756c9,Model: LR - Dataset: ItalianParkinsonSpeech_chunk_1000ms,LOCAL,main.py,eajiboye,FINISHED,,12,,,,,,,,,,,,,,92.81227512163383,91.75195265244442,92.59326410305745,93.06154446273035,90.00625444442538
2022-03-01 04:29:39,4.3s,66ed1bfadb4b4528a785d4a5dc5925ce,Model: SVM - Dataset: MDVR_KCL_chunk_3000ms,LOCAL,main.py,eajiboye,FINISHED,10,4,,1,rbf,,,,,,,,,,,89.26753456975842,91.73254281949933,92.01917832828066,86.73950843906549,95.0302629173439
2022-03-01 07:50:38,3.7s,f98c9cdd471f44838d11cc3489dd0440,Model: LR - Dataset: ItalianParkinsonSpeech_chunk_1000ms,LOCAL,main.py,eajiboye,FINISHED,,4,,,,,,,,,,,,,,92.78695318762986,91.7124576266891,92.56340080168299,93.02134441160867,89.95975151871258
2022-03-01 00:28:59,3.8s,2c35bb7455e34a99ba582c4fd9a73717,Model: KNN - Dataset: MDVR_KCL_split_on_silence_1000ms,LOCAL,main.py,eajiboye,FINISHED,,4,auto,,,1,,,,,,6,,1,distance,89.92241555092754,91.68108322026232,90.63859815147269,89.33753451102172,93.4238039042019
2022-03-01 09:06:33,5.3s,f1781b18dfc548488d6a6f35172a1b86,Model: LR - Dataset: ItalianParkinsonSpeech_chunk_5000ms,LOCAL,main.py,eajiboye,FINISHED,,12,,,,,,,,,,,,,,92.6316703156827,91.66148558141889,92.10300665309283,93.2811328120899,89.59451636827409
2022-03-01 04:30:58,3.2s,671c568106d143cab6edadb68f43a27e,Model: KNN - Dataset: MDVR_KCL_chunk_3000ms,LOCAL,main.py,eajiboye,FINISHED,,4,auto,,,1,,,,,,6,,1,distance,88.88740272953063,91.65568730786123,94.08863507125271,84.29389366315716,96.53140555103288
2022-03-01 00:28:22,3.1s,437a471dddb143dea8118fa7e0edd4f1,Model: SVM - Dataset: MDVR_KCL_split_on_silence_1000ms,LOCAL,main.py,eajiboye,FINISHED,100,4,,1,rbf,,,,,,,,,,,90.04983054333857,91.64682270465852,90.01698504928784,90.20186164002006,92.69026351961767
2022-03-01 05:07:43,21.7s,0f28eeb3ef934f988d29cb10fcaee1b5,Model: lightGBM - Dataset: MDVR_KCL_chunk_5000ms,LOCAL,main.py,eajiboye,FINISHED,,4,,,,,0.1,,,,500,,31,,,89.03444852271754,91.60765163068235,92.09019941206392,86.29330742998104,95.14410145240382
2022-03-01 09:06:29,3.4s,ad391a6ead6a4efeb2b4f530f1380872,Model: LR - Dataset: ItalianParkinsonSpeech_chunk_5000ms,LOCAL,main.py,eajiboye,FINISHED,,4,,,,,,,,,,,,,,92.44321067633922,91.40544014335117,91.76698499755041,93.17754178002377,89.11114821084043
2022-03-01 00:41:39,1.1min,765f4df13a824ac9a8db6740f66302ef,Model: lightGBM - Dataset: MDVR_KCL_split_on_silence_1000ms,LOCAL,main.py,eajiboye,FINISHED,,12,,,,,0.1,,,,200,,31,,,89.3105230721439,91.37747899620355,92.03261005061412,87.02572738951716,94.56708420724793
2022-03-01 04:53:49,2.7s,c19bf1fd999f44ab8e6cad5b83945790,Model: KNN - Dataset: MDVR_KCL_chunk_5000ms,LOCAL,main.py,eajiboye,FINISHED,,4,auto,,,1,,,,,,1,,2,uniform,88.98491318726677,91.30374659419817,89.68240270225591,88.39704802213465,93.26692727612318
2022-03-01 00:24:10,34.3s,2b3046bb6dbd44eca1ffb95952a7f19d,Model: lightGBM - Dataset: MDVR_KCL_split_on_silence_500ms,LOCAL,main.py,eajiboye,FINISHED,,4,,,,,0.1,,,,200,,127,,,89.21976336005183,91.22166334430484,92.83409213759374,85.91816702582825,95.0927969663532
2022-03-01 04:51:35,1.5min,ff1264fe923840e0acc127660398c6fa,Model: lightGBM - Dataset: MDVR_KCL_chunk_3000ms,LOCAL,main.py,eajiboye,FINISHED,,12,,,,,0.1,,,,200,,127,,,88.26777219150105,91.17808519982432,92.37880237119315,84.68717183576128,95.45833255343118
2022-02-28 23:40:07,9.8s,b3c24d211d144704ad8442af48081ef0,Model: SVM - Dataset: MDVR_KCL_split_on_silence_500ms,LOCAL,main.py,eajiboye,FINISHED,10,12,,1,rbf,,,,,,,,,,,89.31728160672735,91.12297244673327,90.85358485399655,88.01233610835634,93.44115787847066
2022-03-01 05:31:12,3.8s,a1d0307251ee42869e76ef3da9ec5fbf,Model: LR - Dataset: ItalianParkinsonSpeech_split_on_silence_2000ms,LOCAL,main.py,eajiboye,FINISHED,,12,,,,,,,,,,,,,,91.78440925008849,91.11834811529934,91.16805339396316,92.77602107021798,89.2674095914109
2022-02-28 23:29:09,2.2s,7f61901acd0642959d2e326c902e69c8,Model: LR - Dataset: ItalianParkinsonSpeech,LOCAL,main.py,eajiboye,FINISHED,,4,,,,,,,,,,,,,,92.02892015487613,91.0752390148535,90.5333745548736,93.74176690877576,88.03172270036079
2022-03-01 04:50:21,27.3s,08460689be4d40ec9034af257a1db579,Model: lightGBM - Dataset: MDVR_KCL_chunk_3000ms,LOCAL,main.py,eajiboye,FINISHED,,4,,,,,0.1,,,,200,,127,,,88.04468993000445,90.92007026789635,92.11369024534015,84.36993139601,95.2312609071505
2022-02-28 23:42:17,3.0s,11e3b4b631cd455a8819e468b1ce931a,Model: KNN - Dataset: MDVR_KCL_split_on_silence_500ms,LOCAL,main.py,eajiboye,FINISHED,,12,auto,,,1,,,,,,4,,2,distance,89.10713870374369,90.81655460982762,88.74766609919936,89.67035974324936,91.67224595372984
